	Genome	Sex
0	"[  6.93212405e-310   2.25375989e-316   6.93212497e-310   6.93212498e-310
   6.93211968e-310]"	m
1	"[  6.93212497e-310   6.93212495e-310   6.93212498e-310   6.93212496e-310
   6.93212488e-310]"	f
